,station_complex_id,location,Latitude,Longitude,Nearest_Stop,borough,routes,ridership,Connections
0,A002,"(40.76266, -73.96725)",40.76266,-73.96725,"(613, 'Lexington Av/59 St')",M,"5,N,R,4,,W,6",10082907,"[(6, '39 Av-Dutch Kills'), (8, '5 Av/59 St')]"
1,A006,"(40.76481, -73.97335)",40.76481,-73.97335,"(8, '5 Av/59 St')",M,"N,R,W",3065515,"[(613, 'Lexington Av/59 St'), (9, '57 St-7 Av')]"
2,A010,"(40.76466, -73.98066)",40.76466,-73.98066,"(9, '57 St-7 Av')",M,"N,R,Q,W",6579806,"[(8, '5 Av/59 St'), (10, '49 St')]"
3,A013,"(40.7599, -73.98414)",40.7599,-73.98414,"(10, '49 St')",M,"N,R,W",4772207,"[(9, '57 St-7 Av'), (611, 'Times Sq-42 St')]"
4,A022,"(40.74972, -73.98782)",40.74972,-73.98782,"(607, '34 St-Herald Sq')",M,"F,M,N,R,Q,B,W,D",21372033,"[(611, 'Times Sq-42 St'), (13, '28 St'), (609, '42 St-Bryant Pk'), (228, '23 St')]"
5,A027,"(40.74549, -73.98869)",40.74549,-73.98869,"(13, '28 St')",M,"R,W",2202544,"[(607, '34 St-Herald Sq'), (14, '23 St')]"
6,A030,"(40.7413, -73.98934)",40.7413,-73.98934,"(14, '23 St')",M,"R,W",3735642,"[(13, '28 St'), (602, '14 St-Union Sq')]"
7,A034,"(40.73574, -73.98995)",40.73574,-73.98995,"(602, '14 St-Union Sq')",M,"5,N,R,Q,4,L,W,6",18401074,"[(14, '23 St'), (16, '8 St-NYU'), (601, '6 Av'), (118, '3 Av'), (405, '23 St'), (407, 'Astor Pl')]"
8,A038,"(40.73033, -73.99263)",40.73033,-73.99263,"(16, '8 St-NYU')",M,"R,W",3344797,"[(602, '14 St-Union Sq'), (17, 'Prince St')]"
9,A041,"(40.72433, -73.9977)",40.72433,-73.9977,"(17, 'Prince St')",M,"R,W",2715986,"[(16, '8 St-NYU'), (623, 'Canal St')]"
10,A043,"(40.71953, -73.99989)",40.71953,-73.99989,"(623, 'Canal St')",M,"J,N,R,Z,Q,W,6",8852617,"[(17, 'Prince St'), (20, 'City Hall'), (103, 'Bowery'), (622, 'Chambers St'), (409, 'Spring St'), (622, 'Brooklyn Bridge-City Hall')]"
11,A047,"(40.71328, -74.00698)",40.71328,-74.00698,"(20, 'City Hall')",M,"R,W",973887,"[(623, 'Canal St'), (624, 'Cortlandt St')]"
12,A054,"(40.70722, -74.01334)",40.70722,-74.01334,"(22, 'Rector St')",M,"R,W",978780,"[(624, 'Cortlandt St'), (635, 'Whitehall St-South Ferry')]"
13,A064,"(40.72028, -73.99391)",40.72028,-73.99391,"(103, 'Bowery')",M,"J,Z",768289,"[(625, 'Delancey St-Essex St'), (623, 'Canal St')]"
14,A069,"(40.71324, -74.0034)",40.71324,-74.0034,"(622, 'Chambers St')",M,"J,5,Z,4,,6",5188900,"[(623, 'Canal St'), (628, 'Fulton St')]"
15,A083,"(40.70647, -74.01105)",40.70647,-74.01105,"(107, 'Broad St')",M,"J,Z",1080082,"[(628, 'Fulton St')]"
16,B004,"(40.67705, -73.97237)",40.67705,-73.97237,"(41, '7 Av')",BK,"Q,B",1950168,"[(617, 'Atlantic Av-Barclays Ctr'), (42, 'Prospect Park')]"
17,B009,"(40.67477, -73.95763)",40.67477,-73.95763,"(141, 'Park Pl')",BK,S,329942,"[(627, 'Franklin Av'), (626, 'Botanic Garden')]"
18,B013,"(40.66161, -73.96225)",40.66161,-73.96225,"(42, 'Prospect Park')",BK,"Q,S,B",2151031,"[(41, '7 Av'), (43, 'Parkside Av')]"
19,B014,"(40.65529, -73.96149)",40.65529,-73.96149,"(43, 'Parkside Av')",BK,Q,1278500,"[(42, 'Prospect Park'), (44, 'Church Av')]"
20,B016,"(40.65053, -73.96298)",40.65053,-73.96298,"(44, 'Church Av')",BK,"Q,B",3074675,"[(43, 'Parkside Av'), (45, 'Beverley Rd')]"
21,B017,"(40.64403, -73.96449)",40.64403,-73.96449,"(45, 'Beverley Rd')",BK,Q,758771,"[(44, 'Church Av'), (46, 'Cortelyou Rd')]"
22,B018,"(40.64093, -73.96389)",40.64093,-73.96389,"(46, 'Cortelyou Rd')",BK,Q,1245394,"[(45, 'Beverley Rd'), (47, 'Newkirk Plaza')]"
23,B019,"(40.63508, -73.96279)",40.63508,-73.96279,"(47, 'Newkirk Plaza')",BK,"Q,B",2060854,"[(46, 'Cortelyou Rd'), (48, 'Avenue H')]"
24,B020,"(40.62927, -73.96164)",40.62927,-73.96164,"(48, 'Avenue H')",BK,Q,618607,"[(47, 'Newkirk Plaza'), (49, 'Avenue J')]"
25,B021,"(40.62504, -73.9608)",40.62504,-73.9608,"(49, 'Avenue J')",BK,Q,1138567,"[(48, 'Avenue H'), (50, 'Avenue M')]"
26,B022,"(40.61762, -73.9594)",40.61762,-73.9594,"(50, 'Avenue M')",BK,Q,1149063,"[(49, 'Avenue J'), (51, 'Kings Hwy')]"
27,B024,"(40.60867, -73.95773)",40.60867,-73.95773,"(51, 'Kings Hwy')",BK,"Q,B",3968676,"[(50, 'Avenue M'), (52, 'Avenue U')]"
28,B025,"(40.5993, -73.95593)",40.5993,-73.95593,"(52, 'Avenue U')",BK,Q,1453513,"[(51, 'Kings Hwy'), (53, 'Neck Rd')]"
29,B026,"(40.59525, -73.95516)",40.59525,-73.95516,"(53, 'Neck Rd')",BK,Q,855036,"[(52, 'Avenue U'), (54, 'Sheepshead Bay')]"
30,B027,"(40.58689, -73.95415)",40.58689,-73.95415,"(54, 'Sheepshead Bay')",BK,"Q,B",2586491,"[(53, 'Neck Rd'), (55, 'Brighton Beach')]"
31,B029,"(40.57762, -73.96137)",40.57762,-73.96137,"(55, 'Brighton Beach')",BK,"Q,B",2350264,"[(54, 'Sheepshead Bay'), (56, 'Ocean Pkwy')]"
32,B032,"(40.57631, -73.9685)",40.57631,-73.9685,"(56, 'Ocean Pkwy')",BK,Q,681394,"[(55, 'Brighton Beach'), (57, 'W 8 St-NY Aquarium')]"
33,C008,"(40.69064, -73.98183)",40.69064,-73.98183,"(26, 'DeKalb Av')",BK,"R,Q,B",4046423,"[(636, 'Jay St-MetroTech'), (617, 'Atlantic Av-Barclays Ctr')]"
34,C010,"(40.67731, -73.98311)",40.67731,-73.98311,"(28, 'Union St')",BK,R,1489597,"[(617, 'Atlantic Av-Barclays Ctr'), (608, '4 Av-9 St')]"
35,C012,"(40.67085, -73.9883)",40.67085,-73.9883,"(608, '4 Av-9 St')",BK,"F,R,G,",2620923,"[(28, 'Union St'), (30, 'Prospect Av'), (238, 'Smith-9 Sts'), (240, '7 Av')]"
36,C014,"(40.66541, -73.99287)",40.66541,-73.99287,"(30, 'Prospect Av')",BK,R,1195885,"[(608, '4 Av-9 St'), (31, '25 St')]"
37,C016,"(40.6604, -73.99809)",40.6604,-73.99809,"(31, '25 St')",BK,R,764941,"[(30, 'Prospect Av'), (32, '36 St')]"
38,C018,"(40.65514, -74.00355)",40.65514,-74.00355,"(32, '36 St')",BK,"N,R,D",3264079,"[(31, '25 St'), (33, '45 St')]"
39,C019,"(40.64894, -74.01001)",40.64894,-74.01001,"(33, '45 St')",BK,R,1616474,"[(32, '36 St'), (34, '53 St')]"
40,C020,"(40.64507, -74.01403)",40.64507,-74.01403,"(34, '53 St')",BK,R,1866333,"[(33, '45 St'), (35, '59 St')]"
41,C021,"(40.64136, -74.01788)",40.64136,-74.01788,"(35, '59 St')",BK,"N,R",2641442,"[(34, '53 St'), (36, 'Bay Ridge Av')]"
42,C023,"(40.63497, -74.02338)",40.63497,-74.02338,"(36, 'Bay Ridge Av')",BK,R,1536734,"[(35, '59 St'), (37, '77 St')]"
43,C024,"(40.62974, -74.02551)",40.62974,-74.02551,"(37, '77 St')",BK,R,1041306,"[(36, 'Bay Ridge Av'), (38, '86 St')]"
44,C025,"(40.62269, -74.0284)",40.62269,-74.0284,"(38, '86 St')",BK,R,2321091,"[(37, '77 St'), (39, 'Bay Ridge-95 St')]"
45,C027,"(40.61662, -74.03088)",40.61662,-74.03088,"(39, 'Bay Ridge-95 St')",BK,R,1055522,"[(38, '86 St')]"
46,D002,"(40.63506, -74.01172)",40.63506,-74.01172,"(72, 'Fort Hamilton Pkwy')",BK,N,2358749,"[(71, '8 Av'), (615, 'New Utrecht Av')]"
48,D008,"(40.62067, -73.99042)",40.62067,-73.99042,"(74, '18 Av')",BK,N,1096000,"[(615, 'New Utrecht Av'), (75, '20 Av')]"
49,D009,"(40.61741, -73.98502)",40.61741,-73.98502,"(75, '20 Av')",BK,N,839800,"[(74, '18 Av'), (76, 'Bay Pkwy')]"
50,D010,"(40.61182, -73.98185)",40.61182,-73.98185,"(76, 'Bay Pkwy')",BK,N,1505458,"[(75, '20 Av'), (77, 'Kings Hwy')]"
51,D012,"(40.60392, -73.98035)",40.60392,-73.98035,"(77, 'Kings Hwy')",BK,N,1145003,"[(76, 'Bay Pkwy'), (78, 'Avenue U')]"
52,D015,"(40.59747, -73.97913)",40.59747,-73.97913,"(78, 'Avenue U')",BK,N,791909,"[(77, 'Kings Hwy'), (79, '86 St')]"
53,D016,"(40.59272, -73.97823)",40.59272,-73.97823,"(79, '86 St')",BK,N,535776,"[(78, 'Avenue U')]"
54,E001,"(40.64629, -73.99432)",40.64629,-73.99432,"(60, 'Fort Hamilton Pkwy')",BK,D,1212337,"[(59, '9 Av'), (61, '50 St')]"
56,E004,"(40.63626, -73.99479)",40.63626,-73.99479,"(61, '50 St')",BK,D,719878,"[(60, 'Fort Hamilton Pkwy'), (62, '55 St')]"
57,E005,"(40.63144, -73.99548)",40.63144,-73.99548,"(62, '55 St')",BK,D,403483,"[(61, '50 St'), (615, '62 St')]"
58,E006,"(40.62647, -73.99635)",40.62647,-73.99635,"(615, '62 St')",BK,"N,,D",1083870,"[(62, '55 St'), (64, '71 St')]"
59,E009,"(40.61959, -73.99886)",40.61959,-73.99886,"(64, '71 St')",BK,D,1031289,"[(615, '62 St'), (65, '79 St')]"
60,E011,"(40.6135, -74.00061)",40.6135,-74.00061,"(65, '79 St')",BK,D,1268790,"[(64, '71 St'), (66, '18 Av')]"
61,E012,"(40.60795, -74.00174)",40.60795,-74.00174,"(66, '18 Av')",BK,D,1265912,"[(65, '79 St'), (67, '20 Av')]"
62,E013,"(40.60456, -73.99817)",40.60456,-73.99817,"(67, '20 Av')",BK,D,1046509,"[(66, '18 Av'), (68, 'Bay Pkwy')]"
63,E014,"(40.60188, -73.99373)",40.60188,-73.99373,"(68, 'Bay Pkwy')",BK,D,1601611,"[(67, '20 Av'), (69, '25 Av')]"
64,E015,"(40.59771, -73.98683)",40.59771,-73.98683,"(69, '25 Av')",BK,D,900437,"[(68, 'Bay Pkwy'), (70, 'Bay 50 St')]"
65,E016,"(40.58884, -73.98376)",40.58884,-73.98376,"(70, 'Bay 50 St')",BK,D,570569,"[(69, '25 Av')]"
66,G009,"(40.57742, -73.98123)",40.57742,-73.98123,"(58, 'Coney Island-Stillwell Av')",BK,"F,N,Q,D",3076719,"[(57, 'W 8 St-NY Aquarium')]"
67,G011,"(40.57613, -73.97594)",40.57613,-73.97594,"(57, 'W 8 St-NY Aquarium')",BK,"F,Q",597066,"[(56, 'Ocean Pkwy'), (58, 'Coney Island-Stillwell Av')]"
68,H006,"(40.73285, -73.98612)",40.73285,-73.98612,"(118, '3 Av')",M,L,1454562,"[(602, '14 St-Union Sq'), (119, '1 Av')]"
69,H007,"(40.73095, -73.98163)",40.73095,-73.98163,"(119, '1 Av')",M,L,5402762,"[(118, '3 Av'), (120, 'Bedford Av')]"
70,H009,"(40.7173, -73.95687)",40.7173,-73.95687,"(120, 'Bedford Av')",BK,L,7324227,"[(119, '1 Av'), (629, 'Lorimer St')]"
71,H012,"(40.71406, -73.95027)",40.71406,-73.95027,"(629, 'Lorimer St')",BK,"G,,L",3510463,"[(120, 'Bedford Av'), (122, 'Graham Av')]"
72,H013,"(40.71457, -73.94405)",40.71457,-73.94405,"(122, 'Graham Av')",BK,L,1950857,"[(629, 'Lorimer St'), (123, 'Grand St')]"
73,H015,"(40.71193, -73.94067)",40.71193,-73.94067,"(123, 'Grand St')",BK,L,1428619,"[(122, 'Graham Av'), (124, 'Montrose Av')]"
74,H017,"(40.70774, -73.93985)",40.70774,-73.93985,"(124, 'Montrose Av')",BK,L,1521516,"[(123, 'Grand St'), (125, 'Morgan Av')]"
75,H019,"(40.70615, -73.93314)",40.70615,-73.93314,"(125, 'Morgan Av')",BK,L,1577008,"[(124, 'Montrose Av'), (126, 'Jefferson St')]"
76,H022,"(40.70661, -73.92291)",40.70661,-73.92291,"(126, 'Jefferson St')",BK,L,1788301,"[(125, 'Morgan Av'), (127, 'DeKalb Av')]"
77,H023,"(40.70381, -73.91843)",40.70381,-73.91843,"(127, 'DeKalb Av')",BK,L,2489686,"[(126, 'Jefferson St'), (630, 'Myrtle-Wyckoff Avs')]"
78,H026,"(40.69981, -73.91158)",40.69981,-73.91158,"(630, 'Myrtle-Wyckoff Avs')",BK,"M,L",4435156,"[(111, 'Seneca Av'), (113, 'Knickerbocker Av'), (127, 'DeKalb Av'), (129, 'Halsey St')]"
79,H028,"(40.6956, -73.90408)",40.6956,-73.90408,"(129, 'Halsey St')",BK,L,1636716,"[(630, 'Myrtle-Wyckoff Avs'), (130, 'Wilson Av')]"
80,H032,"(40.68876, -73.90405)",40.68876,-73.90405,"(130, 'Wilson Av')",BK,L,928090,"[(129, 'Halsey St'), (131, 'Bushwick Av-Aberdeen St')]"
81,H033,"(40.68283, -73.90525)",40.68283,-73.90525,"(131, 'Bushwick Av-Aberdeen St')",BK,L,524203,"[(130, 'Wilson Av'), (621, 'Broadway Junction')]"
82,H035,"(40.67535, -73.9031)",40.67535,-73.9031,"(133, 'Atlantic Av')",BK,L,343232,"[(621, 'Broadway Junction'), (134, 'Sutter Av')]"
83,H037,"(40.66937, -73.90198)",40.66937,-73.90198,"(134, 'Sutter Av')",BK,L,507724,"[(133, 'Atlantic Av'), (135, 'Livonia Av')]"
84,H038,"(40.66404, -73.90057)",40.66404,-73.90057,"(135, 'Livonia Av')",BK,L,548114,"[(134, 'Sutter Av'), (136, 'New Lots Av')]"
85,H039,"(40.65873, -73.89923)",40.65873,-73.89923,"(136, 'New Lots Av')",BK,L,725989,"[(135, 'Livonia Av'), (137, 'East 105 St')]"
86,H040,"(40.65057, -73.89948)",40.65057,-73.89948,"(137, 'East 105 St')",BK,L,551190,"[(136, 'New Lots Av'), (138, 'Canarsie-Rockaway Pkwy')]"
87,H041,"(40.64665, -73.90185)",40.64665,-73.90185,"(138, 'Canarsie-Rockaway Pkwy')",BK,L,824102,"[(137, 'East 105 St')]"
88,J001,"(40.70836, -73.95776)",40.70836,-73.95776,"(101, 'Marcy Av')",BK,"M,J,Z",2612461,"[(100, 'Hewes St'), (625, 'Delancey St-Essex St')]"
89,J003,"(40.70687, -73.95343)",40.70687,-73.95343,"(100, 'Hewes St')",BK,"M,J",572067,"[(99, 'Lorimer St'), (101, 'Marcy Av')]"
90,J005,"(40.70387, -73.94741)",40.70387,-73.94741,"(99, 'Lorimer St')",BK,"M,J",832697,"[(98, 'Flushing Av'), (100, 'Hewes St')]"
91,J007,"(40.70026, -73.94112)",40.70026,-73.94112,"(98, 'Flushing Av')",BK,"M,J",1498629,"[(97, 'Myrtle Av'), (99, 'Lorimer St')]"
92,J009,"(40.69721, -73.93565)",40.69721,-73.93565,"(97, 'Myrtle Av')",BK,"M,J,Z",2176692,"[(96, 'Kosciuszko St'), (98, 'Flushing Av')]"
93,J012,"(40.69334, -73.92882)",40.69334,-73.92882,"(96, 'Kosciuszko St')",BK,J,1059955,"[(95, 'Gates Av'), (97, 'Myrtle Av')]"
94,J013,"(40.68963, -73.92227)",40.68963,-73.92227,"(95, 'Gates Av')",BK,"J,Z",1327552,"[(94, 'Halsey St'), (96, 'Kosciuszko St')]"
95,J016,"(40.68637, -73.91656)",40.68637,-73.91656,"(94, 'Halsey St')",BK,J,1111920,"[(93, 'Chauncey St'), (95, 'Gates Av')]"
96,J017,"(40.68289, -73.91045)",40.68289,-73.91045,"(93, 'Chauncey St')",BK,"J,Z",574934,"[(621, 'Broadway Junction'), (94, 'Halsey St')]"
97,J020,"(40.67699, -73.89865)",40.67699,-73.89865,"(91, 'Alabama Av')",BK,J,387390,"[(90, 'Van Siclen Av'), (621, 'Broadway Junction')]"
98,J021,"(40.67802, -73.89169)",40.67802,-73.89169,"(90, 'Van Siclen Av')",BK,"J,Z",505398,"[(89, 'Cleveland St'), (91, 'Alabama Av')]"
99,J022,"(40.67995, -73.88464)",40.67995,-73.88464,"(89, 'Cleveland St')",BK,J,461848,"[(88, 'Norwood Av'), (90, 'Van Siclen Av')]"
100,J023,"(40.68141, -73.88004)",40.68141,-73.88004,"(88, 'Norwood Av')",BK,"J,Z",505601,"[(87, 'Crescent St'), (89, 'Cleveland St')]"
101,J024,"(40.68319, -73.87379)",40.68319,-73.87379,"(87, 'Crescent St')",BK,"J,Z",776268,"[(86, 'Cypress Hills'), (88, 'Norwood Av')]"
102,J025,"(40.68994, -73.87255)",40.68994,-73.87255,"(86, 'Cypress Hills')",BK,J,268012,"[(85, '75 St-Elderts Ln'), (87, 'Crescent St')]"
103,J028,"(40.69132, -73.86714)",40.69132,-73.86714,"(85, '75 St-Elderts Ln')",Q,"J,Z",647208,"[(84, '85 St-Forest Pkwy'), (86, 'Cypress Hills')]"
104,J030,"(40.69244, -73.86001)",40.69244,-73.86001,"(84, '85 St-Forest Pkwy')",Q,J,696213,"[(83, 'Woodhaven Blvd'), (85, '75 St-Elderts Ln')]"
105,J031,"(40.69388, -73.85158)",40.69388,-73.85158,"(83, 'Woodhaven Blvd')",Q,"J,Z",858679,"[(82, '104 St'), (84, '85 St-Forest Pkwy')]"
106,J034,"(40.69518, -73.84433)",40.69518,-73.84433,"(82, '104 St')",Q,"J,Z",501615,"[(81, '111 St'), (83, 'Woodhaven Blvd')]"
107,J035,"(40.69742, -73.83634)",40.69742,-73.83634,"(81, '111 St')",Q,J,421605,"[(80, '121 St'), (82, '104 St')]"
109,K017,"(40.69786, -73.9274)",40.69786,-73.9274,"(114, 'Central Av')",BK,M,808180,"[(113, 'Knickerbocker Av')]"
110,K019,"(40.69867, -73.91971)",40.69867,-73.91971,"(113, 'Knickerbocker Av')",BK,M,824432,"[(630, 'Myrtle-Wyckoff Avs'), (114, 'Central Av')]"
111,K022,"(40.70276, -73.90774)",40.70276,-73.90774,"(111, 'Seneca Av')",Q,M,545814,"[(110, 'Forest Av'), (630, 'Myrtle-Wyckoff Avs')]"
112,K024,"(40.70442, -73.90308)",40.70442,-73.90308,"(110, 'Forest Av')",Q,M,871852,"[(109, 'Fresh Pond Rd'), (111, 'Seneca Av')]"
113,K025,"(40.70618, -73.89587)",40.70618,-73.89587,"(109, 'Fresh Pond Rd')",Q,M,1172192,"[(108, 'Middle Village-Metropolitan Av'), (110, 'Forest Av')]"
115,N002A,"(40.86807, -73.9199)",40.86807,-73.9199,"(298, '207 St')",M,A,1590435,"[(297, '215 St'), (299, 'Dyckman St')]"
116,N003,"(40.86549, -73.92727)",40.86549,-73.92727,"(144, 'Dyckman St')",M,A,1224728,"[(143, 'Inwood-207 St'), (145, '190 St')]"
117,N006A,"(40.85902, -73.93418)",40.85902,-73.93418,"(145, '190 St')",M,A,793425,"[(144, 'Dyckman St'), (146, '181 St')]"
118,N007A,"(40.8517, -73.93797)",40.8517,-73.93797,"(146, '181 St')",M,A,1890819,"[(145, '190 St'), (147, '175 St')]"
119,N010,"(40.84739, -73.9397)",40.84739,-73.9397,"(147, '175 St')",M,A,2143061,"[(146, '181 St'), (605, '168 St')]"
120,N016A,"(40.83601, -73.9399)",40.83601,-73.9399,"(149, '163 St-Amsterdam Av')",M,C,788243,"[(605, '168 St'), (150, '155 St')]"
121,N017,"(40.83052, -73.94151)",40.83052,-73.94151,"(150, '155 St')",M,C,494385,"[(149, '163 St-Amsterdam Av'), (151, '145 St')]"
122,N019,"(40.82478, -73.94421)",40.82478,-73.94421,"(151, '145 St')",M,"C,B,A,D",4323825,"[(150, '155 St'), (152, '135 St')]"
123,N024,"(40.81789, -73.94765)",40.81789,-73.94765,"(152, '135 St')",M,"C,B",1039131,"[(151, '145 St'), (153, '125 St')]"
124,N026,"(40.81111, -73.95235)",40.81111,-73.95235,"(153, '125 St')",M,"C,B,A,D",5297060,"[(152, '135 St'), (154, '116 St')]"
125,N030,"(40.80508, -73.95488)",40.80508,-73.95488,"(154, '116 St')",M,"C,B",1386193,"[(153, '125 St'), (155, 'Cathedral Pkwy (110 St)')]"
126,N035,"(40.8006, -73.95816)",40.8006,-73.95816,"(155, 'Cathedral Pkwy (110 St)')",M,"C,B",1546620,"[(154, '116 St'), (156, '103 St')]"
127,N037,"(40.79609, -73.96146)",40.79609,-73.96146,"(156, '103 St')",M,"C,B",934621,"[(155, 'Cathedral Pkwy (110 St)'), (157, '96 St')]"
128,N040,"(40.79164, -73.9647)",40.79164,-73.9647,"(157, '96 St')",M,"C,B",1870488,"[(156, '103 St'), (158, '86 St')]"
129,N043,"(40.78587, -73.96892)",40.78587,-73.96892,"(158, '86 St')",M,"C,B",2119281,"[(157, '96 St'), (159, '81 St-Museum of Natural History')]"
130,N044,"(40.78143, -73.97215)",40.78143,-73.97215,"(159, '81 St-Museum of Natural History')",M,"C,B",2843123,"[(158, '86 St'), (160, '72 St')]"
131,N046,"(40.77559, -73.97641)",40.77559,-73.97641,"(160, '72 St')",M,"C,B",1932224,"[(159, '81 St-Museum of Natural History'), (614, '59 St-Columbus Circle')]"
132,N049,"(40.7683, -73.98174)",40.7683,-73.98174,"(614, '59 St-Columbus Circle')",M,"C,1,B,A,D",14073197,"[(160, '72 St'), (162, '50 St'), (314, '66 St-Lincoln Center'), (316, '50 St')]"
133,N056,"(40.76245, -73.98598)",40.76245,-73.98598,"(162, '50 St')",M,"C,E",4203004,"[(614, '59 St-Columbus Circle'), (611, '42 St-Port Authority Bus Terminal')]"
134,N060,"(40.75731, -73.98196)",40.75731,-73.98196,"(225, '47-50 Sts-Rockefeller Ctr')",M,"3,C,1,2,S,7,F,M,E,N,R,Q,,B,W,A,D",45796626,"[(224, '57 St'), (609, '42 St-Bryant Pk')]"
135,N070,"(40.75229, -73.99339)",40.75229,-73.99339,"(164, '34 St-Penn Station')",M,"C,E,A",14845400,"[(611, '42 St-Port Authority Bus Terminal'), (165, '23 St')]"
136,N076,"(40.74591, -73.99804)",40.74591,-73.99804,"(165, '23 St')",M,"C,E",3928208,"[(164, '34 St-Penn Station'), (618, '14 St')]"
137,N078,"(40.74089, -74.00169)",40.74089,-74.00169,"(618, '14 St')",M,"C,E,,A,L",9433101,"[(165, '23 St'), (167, 'W 4 St-Wash Sq')]"
138,N080,"(40.73234, -74.0005)",40.73234,-74.0005,"(167, 'W 4 St-Wash Sq')",M,"F,M,C,E,B,A,D",8394640,"[(618, '14 St'), (167, 'W 4 St-Wash Sq'), (168, 'Spring St')]"
139,N086,"(40.72623, -74.00374)",40.72623,-74.00374,"(168, 'Spring St')",M,"C,E",2540619,"[(167, 'W 4 St-Wash Sq'), (169, 'Canal St')]"
140,N089,"(40.72083, -74.00523)",40.72083,-74.00523,"(169, 'Canal St')",M,"C,E,A",3344634,"[(168, 'Spring St'), (624, 'Chambers St'), (624, 'World Trade Center')]"
141,N094,"(40.71411, -74.00858)",40.71411,-74.00858,"(624, 'Chambers St')",M,"3,C,E,2,R,,A,W",10509479,"[(169, 'Canal St'), (628, 'Fulton St')]"
142,N095,"(40.71037, -74.00657)",40.71037,-74.00657,"(628, 'Fulton St')",M,"J,C,3,2,5,Z,4,A",15329162,"[(622, 'Chambers St'), (107, 'Broad St'), (624, 'Chambers St'), (173, 'High St'), (624, 'Park Place'), (333, 'Wall St'), (413, 'Wall St')]"
143,N100,"(40.69934, -73.99053)",40.69934,-73.99053,"(173, 'High St')",BK,"C,A",2180354,"[(628, 'Fulton St'), (636, 'Jay St-MetroTech')]"
144,N103,"(40.69234, -73.98594)",40.69234,-73.98594,"(636, 'Jay St-MetroTech')",BK,"F,C,R,A",6752288,"[(620, 'Court St'), (26, 'DeKalb Av'), (173, 'High St'), (175, 'Hoyt-Schermerhorn Sts')]"
145,N108,"(40.68848, -73.985)",40.68848,-73.985,"(175, 'Hoyt-Schermerhorn Sts')",BK,"C,G,A",2380972,"[(636, 'Jay St-MetroTech'), (176, 'Lafayette Av')]"
146,N110,"(40.68611, -73.97395)",40.68611,-73.97395,"(176, 'Lafayette Av')",BK,C,1107244,"[(175, 'Hoyt-Schermerhorn Sts'), (177, 'Clinton-Washington Avs')]"
147,N111,"(40.68326, -73.96584)",40.68326,-73.96584,"(177, 'Clinton-Washington Avs')",BK,C,1367506,"[(176, 'Lafayette Av'), (627, 'Franklin Av')]"
148,N114,"(40.68138, -73.95685)",40.68138,-73.95685,"(627, 'Franklin Av')",BK,"C,S",1117033,"[(141, 'Park Pl'), (177, 'Clinton-Washington Avs'), (179, 'Nostrand Av')]"
149,N116,"(40.68044, -73.95042)",40.68044,-73.95042,"(179, 'Nostrand Av')",BK,"C,A",3431110,"[(627, 'Franklin Av'), (180, 'Kingston-Throop Avs')]"
150,N119,"(40.67992, -73.94086)",40.67992,-73.94086,"(180, 'Kingston-Throop Avs')",BK,C,1288546,"[(179, 'Nostrand Av'), (181, 'Utica Av')]"
151,N120,"(40.67936, -73.93073)",40.67936,-73.93073,"(181, 'Utica Av')",BK,"C,A",2742519,"[(180, 'Kingston-Throop Avs'), (182, 'Ralph Av')]"
152,N121B,"(40.67882, -73.92078)",40.67882,-73.92078,"(182, 'Ralph Av')",BK,C,1018564,"[(181, 'Utica Av'), (183, 'Rockaway Av')]"
153,N122,"(40.67834, -73.91195)",40.67834,-73.91195,"(183, 'Rockaway Av')",BK,C,1009149,"[(182, 'Ralph Av'), (621, 'Broadway Junction')]"
154,N124,"(40.6795, -73.90451)",40.6795,-73.90451,"(621, 'Broadway Junction')",BK,"J,C,Z,A,L",1568592,"[(91, 'Alabama Av'), (93, 'Chauncey St'), (131, 'Bushwick Av-Aberdeen St'), (133, 'Atlantic Av'), (183, 'Rockaway Av'), (185, 'Liberty Av')]"
155,N125,"(40.67454, -73.89655)",40.67454,-73.89655,"(185, 'Liberty Av')",BK,C,472146,"[(621, 'Broadway Junction'), (186, 'Van Siclen Av')]"
156,N126,"(40.67271, -73.89036)",40.67271,-73.89036,"(186, 'Van Siclen Av')",BK,C,502848,"[(185, 'Liberty Av'), (187, 'Shepherd Av')]"
157,N127,"(40.67413, -73.88075)",40.67413,-73.88075,"(187, 'Shepherd Av')",BK,C,548697,"[(186, 'Van Siclen Av'), (188, 'Euclid Av')]"
158,N128,"(40.67538, -73.87211)",40.67538,-73.87211,"(188, 'Euclid Av')",BK,"C,A",1816838,"[(187, 'Shepherd Av'), (189, 'Grant Av')]"
159,N129,"(40.67704, -73.86505)",40.67704,-73.86505,"(189, 'Grant Av')",BK,A,1058223,"[(188, 'Euclid Av'), (190, '80 St')]"
160,N131,"(40.67937, -73.85899)",40.67937,-73.85899,"(190, '80 St')",Q,A,871095,"[(189, 'Grant Av'), (191, '88 St')]"
161,N133,"(40.67984, -73.85147)",40.67984,-73.85147,"(191, '88 St')",Q,A,544533,"[(190, '80 St'), (192, 'Rockaway Blvd')]"
162,N134,"(40.68043, -73.84386)",40.68043,-73.84386,"(192, 'Rockaway Blvd')",Q,A,1497573,"[(191, '88 St'), (193, '104 St')]"
163,N137,"(40.68171, -73.83768)",40.68171,-73.83768,"(193, '104 St')",Q,A,310699,"[(192, 'Rockaway Blvd'), (194, '111 St')]"
164,N139,"(40.68433, -73.83216)",40.68433,-73.83216,"(194, '111 St')",Q,A,464484,"[(193, '104 St'), (195, 'Ozone Park-Lefferts Blvd')]"
165,N141,"(40.68595, -73.8258)",40.68595,-73.8258,"(195, 'Ozone Park-Lefferts Blvd')",Q,A,1332023,"[(194, '111 St'), (196, 'Aqueduct Racetrack')]"
166,N181,"(40.66824, -73.83406)",40.66824,-73.83406,"(196, 'Aqueduct Racetrack')",Q,A,149859,"[(195, 'Ozone Park-Lefferts Blvd'), (197, 'Aqueduct-N Conduit Av')]"
168,N182,"(40.66048, -73.8303)",40.66048,-73.8303,"(198, 'Howard Beach-JFK Airport')",Q,A,593692,"[(197, 'Aqueduct-N Conduit Av'), (199, 'Broad Channel')]"
169,N183,"(40.60838, -73.81593)",40.60838,-73.81593,"(199, 'Broad Channel')",Q,"S,A",56478,"[(198, 'Howard Beach-JFK Airport'), (200, 'Beach 90 St')]"
170,N184,"(40.58804, -73.81364)",40.58804,-73.81364,"(200, 'Beach 90 St')",Q,"S,A",174661,"[(199, 'Broad Channel'), (201, 'Beach 98 St')]"
171,N185,"(40.58531, -73.82056)",40.58531,-73.82056,"(201, 'Beach 98 St')",Q,"S,A",96421,"[(200, 'Beach 90 St'), (202, 'Beach 105 St')]"
172,N186,"(40.58321, -73.82756)",40.58321,-73.82756,"(202, 'Beach 105 St')",Q,"S,A",60157,"[(201, 'Beach 98 St'), (203, 'Rockaway Park-Beach 116 St')]"
173,N187,"(40.5809, -73.83559)",40.5809,-73.83559,"(203, 'Rockaway Park-Beach 116 St')",Q,"S,A",157744,"[(202, 'Beach 105 St'), (204, 'Beach 67 St')]"
174,N191,"(40.59093, -73.79692)",40.59093,-73.79692,"(204, 'Beach 67 St')",Q,A,445156,"[(203, 'Rockaway Park-Beach 116 St'), (205, 'Beach 60 St')]"
175,N192,"(40.59237, -73.78852)",40.59237,-73.78852,"(205, 'Beach 60 St')",Q,A,351710,"[(204, 'Beach 67 St'), (206, 'Beach 44 St')]"
176,N193,"(40.59294, -73.77602)",40.59294,-73.77602,"(206, 'Beach 44 St')",Q,A,132911,"[(205, 'Beach 60 St'), (207, 'Beach 36 St')]"
177,N194,"(40.5954, -73.76817)",40.5954,-73.76817,"(207, 'Beach 36 St')",Q,A,177201,"[(206, 'Beach 44 St'), (208, 'Beach 25 St')]"
178,N195,"(40.60007, -73.76135)",40.60007,-73.76135,"(208, 'Beach 25 St')",Q,A,319112,"[(207, 'Beach 36 St'), (209, 'Far Rockaway-Mott Av')]"
179,N196,"(40.604, -73.7554)",40.604,-73.7554,"(209, 'Far Rockaway-Mott Av')",Q,A,794294,"[(208, 'Beach 25 St')]"
180,N202,"(40.83014, -73.93821)",40.83014,-73.93821,"(220, '155 St')",M,"B,D",625840,"[(604, '161 St-Yankee Stadium')]"
181,N203,"(40.828, -73.92565)",40.828,-73.92565,"(604, '161 St-Yankee Stadium')",BX,"4,B,D",5070233,"[(218, '167 St'), (220, '155 St'), (388, '167 St'), (603, '149 St-Grand Concourse')]"
182,N207,"(40.83377, -73.91844)",40.83377,-73.91844,"(218, '167 St')",BX,"B,D",1483457,"[(217, '170 St'), (604, '161 St-Yankee Stadium')]"
183,N209,"(40.83931, -73.9134)",40.83931,-73.9134,"(217, '170 St')",BX,"B,D",1113745,"[(216, '174-175 Sts'), (218, '167 St')]"
184,N210,"(40.8459, -73.91013)",40.8459,-73.91013,"(216, '174-175 Sts')",BX,"B,D",858389,"[(215, 'Tremont Av'), (217, '170 St')]"
185,N213,"(40.85041, -73.90523)",40.85041,-73.90523,"(215, 'Tremont Av')",BX,"B,D",1427213,"[(214, '182-183 Sts'), (216, '174-175 Sts')]"
186,N215,"(40.85609, -73.90074)",40.85609,-73.90074,"(214, '182-183 Sts')",BX,"B,D",858068,"[(213, 'Fordham Rd'), (215, 'Tremont Av')]"
187,N217,"(40.8613, -73.89775)",40.8613,-73.89775,"(213, 'Fordham Rd')",BX,"B,D",1854762,"[(212, 'Kingsbridge Rd'), (214, '182-183 Sts')]"
188,N221,"(40.86698, -73.89351)",40.86698,-73.89351,"(212, 'Kingsbridge Rd')",BX,"B,D",1193335,"[(211, 'Bedford Park Blvd'), (213, 'Fordham Rd')]"
189,N222,"(40.87325, -73.88714)",40.87325,-73.88714,"(211, 'Bedford Park Blvd')",BX,"B,D",1207920,"[(210, 'Norwood-205 St'), (212, 'Kingsbridge Rd')]"
191,N301,"(40.76286, -73.98164)",40.76286,-73.98164,"(277, '7 Av')",M,"E,B,D",3222878,"[(276, '5 Av/53 St'), (278, 'Jamaica Center-Parsons/Archer')]"
192,N303,"(40.76017, -73.97523)",40.76017,-73.97523,"(276, '5 Av/53 St')",M,"M,E",3844542,"[(612, 'Lexington Av/53 St'), (277, '7 Av')]"
193,N305,"(40.75755, -73.96906)",40.75755,-73.96906,"(612, 'Lexington Av/53 St')",M,"M,E,,6",10041744,"[(606, 'Court Sq-23 St'), (276, '5 Av/53 St')]"
194,N307,"(40.74784, -73.94383)",40.74784,-73.94383,"(606, 'Court Sq')",Q,"M,E,G,7",4564428,"[(282, '21 St'), (461, 'Queensboro Plaza'), (463, 'Hunters Point Av')]"
195,N309A,"(40.74897, -73.93724)",40.74897,-73.93724,"(273, 'Queens Plaza')",Q,"M,E,R",2783996,"[(272, '36 St'), (606, 'Court Sq-23 St')]"
196,N312,"(40.75204, -73.92878)",40.75204,-73.92878,"(272, '36 St')",Q,"M,R",754628,"[(271, 'Steinway St'), (273, 'Queens Plaza')]"
197,N315,"(40.75688, -73.92074)",40.75688,-73.92074,"(271, 'Steinway St')",Q,"M,R",2657420,"[(270, '46 St'), (272, '36 St')]"
198,N316,"(40.75631, -73.91333)",40.75631,-73.91333,"(270, '46 St')",Q,"M,R",1612997,"[(269, 'Northern Blvd'), (271, 'Steinway St')]"
199,N318,"(40.75288, -73.90601)",40.75288,-73.90601,"(269, 'Northern Blvd')",Q,"M,R",1299013,"[(268, '65 St'), (270, '46 St')]"
200,N322,"(40.74967, -73.89845)",40.74967,-73.89845,"(268, '65 St')",Q,"M,R",682224,"[(616, 'Jackson Hts-Roosevelt Av'), (269, 'Northern Blvd')]"
201,N325A,"(40.74245, -73.88202)",40.74245,-73.88202,"(266, 'Elmhurst Av')",Q,"M,R",2448371,"[(265, 'Grand Av-Newtown'), (616, 'Jackson Hts-Roosevelt Av')]"
202,N327,"(40.73701, -73.87722)",40.73701,-73.87722,"(265, 'Grand Av-Newtown')",Q,"M,R",3621383,"[(264, 'Woodhaven Blvd'), (266, 'Elmhurst Av')]"
203,N329,"(40.7331, -73.86923)",40.7331,-73.86923,"(264, 'Woodhaven Blvd')",Q,"M,R",3941776,"[(263, '63 Dr-Rego Park'), (265, 'Grand Av-Newtown')]"
204,N330B,"(40.72985, -73.8616)",40.72985,-73.8616,"(263, '63 Dr-Rego Park')",Q,"M,R",2854509,"[(262, '67 Av'), (264, 'Woodhaven Blvd')]"
205,N331,"(40.72652, -73.85272)",40.72652,-73.85272,"(262, '67 Av')",Q,"M,R",1516645,"[(261, 'Forest Hills-71 Av'), (263, '63 Dr-Rego Park')]"
206,N333A,"(40.72169, -73.84452)",40.72169,-73.84452,"(261, 'Forest Hills-71 Av')",Q,"F,M,E,R",5051017,"[(260, '75 Av'), (262, '67 Av')]"
207,N334B,"(40.71833, -73.83733)",40.71833,-73.83733,"(260, '75 Av')",Q,"F,E",628620,"[(259, 'Kew Gardens-Union Tpke'), (261, 'Forest Hills-71 Av')]"
208,N336,"(40.71444, -73.83101)",40.71444,-73.83101,"(259, 'Kew Gardens-Union Tpke')",Q,"F,E",4578892,"[(258, 'Briarwood'), (260, '75 Av')]"
209,N337,"(40.70918, -73.82057)",40.70918,-73.82057,"(258, 'Briarwood')",Q,"F,E",997580,"[(257, 'Sutphin Blvd'), (259, 'Kew Gardens-Union Tpke')]"
210,N338B,"(40.70546, -73.81071)",40.70546,-73.81071,"(257, 'Sutphin Blvd')",Q,F,850598,"[(256, 'Parsons Blvd'), (258, 'Briarwood')]"
211,N339A,"(40.70757, -73.80333)",40.70757,-73.80333,"(256, 'Parsons Blvd')",Q,F,1407991,"[(255, '169 St'), (257, 'Sutphin Blvd')]"
212,N340A,"(40.71047, -73.7936)",40.71047,-73.7936,"(255, '169 St')",Q,F,1550895,"[(254, 'Jamaica-179 St'), (256, 'Parsons Blvd')]"
213,N343,"(40.71265, -73.78381)",40.71265,-73.78381,"(254, 'Jamaica-179 St')",Q,F,3850935,"[(253, 'Neptune Av'), (255, '169 St')]"
214,N401,"(40.74406, -73.94972)",40.74406,-73.94972,"(282, '21 St')",Q,G,378867,"[(606, 'Court Sq'), (283, 'Greenpoint Av')]"
215,N405,"(40.73135, -73.95445)",40.73135,-73.95445,"(283, 'Greenpoint Av')",BK,G,2115543,"[(282, '21 St'), (284, 'Nassau Av')]"
216,N408A,"(40.72464, -73.95128)",40.72464,-73.95128,"(284, 'Nassau Av')",BK,G,1994585,"[(283, 'Greenpoint Av'), (629, 'Metropolitan Av')]"
217,N412,"(40.70609, -73.95031)",40.70609,-73.95031,"(286, 'Broadway')",BK,G,1010642,"[(629, 'Metropolitan Av'), (287, 'Flushing Av')]"
218,N414,"(40.70038, -73.95023)",40.70038,-73.95023,"(287, 'Flushing Av')",BK,G,634441,"[(286, 'Broadway'), (288, 'Myrtle-Willoughby Avs')]"
219,N415,"(40.69457, -73.94904)",40.69457,-73.94904,"(288, 'Myrtle-Willoughby Avs')",BK,G,1195883,"[(287, 'Flushing Av'), (289, 'Bedford-Nostrand Avs')]"
220,N417,"(40.68963, -73.95352)",40.68963,-73.95352,"(289, 'Bedford-Nostrand Avs')",BK,G,1843210,"[(288, 'Myrtle-Willoughby Avs'), (290, 'Classon Av')]"
221,N419,"(40.68887, -73.96007)",40.68887,-73.96007,"(290, 'Classon Av')",BK,G,1222545,"[(289, 'Bedford-Nostrand Avs'), (291, 'Clinton-Washington Avs')]"
222,N420B,"(40.68809, -73.96684)",40.68809,-73.96684,"(291, 'Clinton-Washington Avs')",BK,G,1115311,"[(290, 'Classon Av'), (292, 'Fulton St')]"
223,N422,"(40.68712, -73.97537)",40.68712,-73.97537,"(292, 'Fulton St')",BK,G,1350386,"[(291, 'Clinton-Washington Avs')]"
225,N508,"(40.74288, -73.99282)",40.74288,-73.99282,"(228, '23 St')",M,"F,M",4881545,"[(607, '34 St-Herald Sq'), (601, '14 St')]"
226,N512,"(40.73823, -73.99621)",40.73823,-73.99621,"(601, '14 St')",M,"F,M,3,1,2,,L",9056442,"[(228, '23 St'), (619, 'Broadway-Lafayette St'), (321, '18 St'), (323, 'Christopher St-Sheridan Sq')]"
227,N520,"(40.71827, -73.99375)",40.71827,-73.99375,"(231, 'Grand St')",M,"B,D",5040193,"[(619, 'Broadway-Lafayette St'), (232, '2 Av')]"
228,N523,"(40.7234, -73.98994)",40.7234,-73.98994,"(232, '2 Av')",M,F,3636842,"[(231, 'Grand St'), (625, 'Delancey St-Essex St')]"
229,N525,"(40.71861, -73.98743)",40.71861,-73.98743,"(625, 'Delancey St-Essex St')",M,"F,M,J,Z,",6083972,"[(101, 'Marcy Av'), (103, 'Bowery'), (232, '2 Av'), (234, 'East Broadway')]"
230,N529,"(40.71371, -73.99017)",40.71371,-73.99017,"(234, 'East Broadway')",M,F,2882388,"[(625, 'Delancey St-Essex St'), (235, 'York St')]"
231,N530,"(40.7014, -73.98675)",40.7014,-73.98675,"(235, 'York St')",BK,F,2594644,"[(234, 'East Broadway'), (236, 'Bergen St')]"
232,N532,"(40.68615, -73.99086)",40.68615,-73.99086,"(236, 'Bergen St')",BK,"F,G",2347806,"[(235, 'York St'), (237, 'Carroll St')]"
233,N535,"(40.6803, -73.99505)",40.6803,-73.99505,"(237, 'Carroll St')",BK,"F,G",2293219,"[(236, 'Bergen St'), (238, 'Smith-9 Sts')]"
234,N536,"(40.67358, -73.99596)",40.67358,-73.99596,"(238, 'Smith-9 Sts')",BK,"F,G",895504,"[(237, 'Carroll St'), (608, '4 Av-9 St')]"
235,N539A,"(40.66627, -73.98031)",40.66627,-73.98031,"(240, '7 Av')",BK,"F,G",2426485,"[(608, '4 Av-9 St'), (241, '15 St-Prospect Park')]"
236,N542,"(40.66037, -73.97949)",40.66037,-73.97949,"(241, '15 St-Prospect Park')",BK,"F,G",1234131,"[(240, '7 Av'), (242, 'Fort Hamilton Pkwy')]"
237,N543,"(40.65078, -73.97578)",40.65078,-73.97578,"(242, 'Fort Hamilton Pkwy')",BK,"F,G",1183591,"[(241, '15 St-Prospect Park'), (243, 'Church Av')]"
238,N546,"(40.64404, -73.97968)",40.64404,-73.97968,"(243, 'Church Av')",BK,"F,G",2004752,"[(242, 'Fort Hamilton Pkwy'), (244, 'Ditmas Av')]"
239,N548,"(40.63612, -73.97817)",40.63612,-73.97817,"(244, 'Ditmas Av')",BK,F,776078,"[(243, 'Church Av'), (245, '18 Av')]"
240,N549,"(40.62975, -73.97697)",40.62975,-73.97697,"(245, '18 Av')",BK,F,676399,"[(244, 'Ditmas Av'), (246, 'Avenue I')]"
241,N551,"(40.62532, -73.97613)",40.62532,-73.97613,"(246, 'Avenue I')",BK,F,360432,"[(245, '18 Av'), (247, 'Bay Pkwy')]"
242,N553,"(40.62077, -73.97527)",40.62077,-73.97527,"(247, 'Bay Pkwy')",BK,F,247551,"[(246, 'Avenue I'), (248, 'Avenue N')]"
243,N555,"(40.61514, -73.9742)",40.61514,-73.9742,"(248, 'Avenue N')",BK,F,538523,"[(247, 'Bay Pkwy'), (249, 'Avenue P')]"
244,N556,"(40.60894, -73.97302)",40.60894,-73.97302,"(249, 'Avenue P')",BK,F,480632,"[(248, 'Avenue N'), (250, 'Kings Hwy')]"
245,N557,"(40.60322, -73.97236)",40.60322,-73.97236,"(250, 'Kings Hwy')",BK,F,661056,"[(249, 'Avenue P'), (251, 'Avenue U')]"
246,N559,"(40.59606, -73.97336)",40.59606,-73.97336,"(251, 'Avenue U')",BK,F,348790,"[(250, 'Kings Hwy'), (252, 'Avenue X')]"
247,N561,"(40.58962, -73.97425)",40.58962,-73.97425,"(252, 'Avenue X')",BK,F,478592,"[(251, 'Avenue U'), (253, 'Neptune Av')]"
248,N562,"(40.58101, -73.97457)",40.58101,-73.97457,"(253, 'Neptune Av')",BK,F,299143,"[(252, 'Avenue X'), (254, 'Jamaica-179 St')]"
249,N600,"(40.76397, -73.97745)",40.76397,-73.97745,"(224, '57 St')",M,F,3063595,"[(223, 'Lexington Av/63 St'), (225, '47-50 Sts-Rockefeller Ctr')]"
250,N601,"(40.76463, -73.96611)",40.76463,-73.96611,"(223, 'Lexington Av/63 St')",M,"F,Q",4144678,"[(222, 'Roosevelt Island'), (224, '57 St')]"
251,N602,"(40.75914, -73.95326)",40.75914,-73.95326,"(222, 'Roosevelt Island')",M,F,1819291,"[(221, '21 St-Queensbridge'), (223, 'Lexington Av/63 St')]"
252,N603,"(40.7542, -73.94283)",40.7542,-73.94283,"(461, 'Queensboro Plaza')",Q,F,2255469,"[(460, '33 St-Rawson St'), (606, 'Court Sq')]"
253,N604,"(40.70256, -73.81686)",40.70256,-73.81686,"(280, 'Jamaica-Van Wyck')",Q,E,914601,"[(279, 'Sutphin Blvd-Archer Av-JFK Airport')]"
254,N605,"(40.70049, -73.80797)",40.70049,-73.80797,"(279, 'Sutphin Blvd-Archer Av-JFK Airport')",Q,"J,E,Z",4908463,"[(278, 'Jamaica Center-Parsons/Archer'), (280, 'Jamaica-Van Wyck')]"
255,N606,"(40.70215, -73.80111)",40.70215,-73.80111,"(278, 'Jamaica Center-Parsons/Archer')",Q,"J,E,Z",5480066,"[(277, '7 Av'), (279, 'Sutphin Blvd-Archer Av-JFK Airport')]"
256,N700,"(40.7688, -73.95843)",40.7688,-73.95843,"(477, '72 St')",M,Q,5972601,"[(476, '86 St')]"
257,N701,"(40.77789, -73.95179)",40.77789,-73.95179,"(476, '86 St')",M,Q,4981183,"[(475, '96 St'), (477, '72 St')]"
258,N702,"(40.78432, -73.94715)",40.78432,-73.94715,"(396, '96 St')",M,Q,3632699,"[(395, '103 St'), (397, '86 St')]"
259,R101,"(40.70309, -74.01299)",40.70309,-74.01299,"(635, 'Whitehall St-South Ferry')",M,"1,R,,W",5340535,"[(22, 'Rector St'), (620, 'Court St')]"
260,R103,"(40.70751, -74.01379)",40.70751,-74.01379,"(329, 'Rector St')",M,1,1469029,"[(328, 'WTC Cortlandt'), (635, 'South Ferry')]"
261,R106,"(40.71183, -74.01219)",40.71183,-74.01219,"(328, 'WTC Cortlandt')",M,1,2475877,"[(327, 'Chambers St'), (329, 'Rector St')]"
262,R111,"(40.70682, -74.0091)",40.70682,-74.0091,"(333, 'Wall St')",M,"3,2",3209247,"[(628, 'Fulton St'), (334, 'Clark St')]"
263,R116,"(40.71548, -74.00927)",40.71548,-74.00927,"(327, 'Chambers St')",M,"3,1,2",3362306,"[(326, 'Franklin St'), (328, 'WTC Cortlandt')]"
264,R117,"(40.71932, -74.00689)",40.71932,-74.00689,"(326, 'Franklin St')",M,1,1129085,"[(325, 'Canal St'), (327, 'Chambers St')]"
265,R119,"(40.72285, -74.00628)",40.72285,-74.00628,"(325, 'Canal St')",M,1,1020171,"[(324, 'Houston St'), (326, 'Franklin St')]"
266,R123,"(40.72825, -74.00536)",40.72825,-74.00536,"(324, 'Houston St')",M,1,2445172,"[(323, 'Christopher St-Sheridan Sq'), (325, 'Canal St')]"
267,R125,"(40.73342, -74.00291)",40.73342,-74.00291,"(323, 'Christopher St-Sheridan Sq')",M,1,2494812,"[(601, '14 St'), (324, 'Houston St')]"
268,R129,"(40.74104, -73.99787)",40.74104,-73.99787,"(321, '18 St')",M,1,1535750,"[(320, '23 St'), (601, '14 St')]"
269,R131,"(40.74408, -73.99566)",40.74408,-73.99566,"(320, '23 St')",M,1,2794035,"[(319, '28 St'), (321, '18 St')]"
270,R133,"(40.74722, -73.99336)",40.74722,-73.99336,"(319, '28 St')",M,1,2632254,"[(318, '34 St-Penn Station'), (320, '23 St')]"
271,R135,"(40.75037, -73.99106)",40.75037,-73.99106,"(318, '34 St-Penn Station')",M,"3,1,2",13891761,"[(611, 'Times Sq-42 St'), (319, '28 St')]"
272,R154,"(40.76173, -73.98385)",40.76173,-73.98385,"(316, '50 St')",M,1,5079777,"[(614, '59 St-Columbus Circle'), (611, 'Times Sq-42 St')]"
273,R160,"(40.77344, -73.98221)",40.77344,-73.98221,"(314, '66 St-Lincoln Center')",M,1,4120561,"[(313, '72 St'), (614, '59 St-Columbus Circle')]"
274,R161B,"(40.77845, -73.98197)",40.77845,-73.98197,"(313, '72 St')",M,"3,1,2",7948655,"[(312, '79 St'), (314, '66 St-Lincoln Center')]"
275,R162,"(40.78394, -73.97992)",40.78394,-73.97992,"(312, '79 St')",M,1,3233729,"[(311, '86 St'), (313, '72 St')]"
276,R164,"(40.78864, -73.97622)",40.78864,-73.97622,"(311, '86 St')",M,1,3745802,"[(310, '96 St'), (312, '79 St')]"
277,R168,"(40.79392, -73.97232)",40.79392,-73.97232,"(310, '96 St')",M,"3,1,2",7196838,"[(309, '103 St'), (311, '86 St')]"
278,R170,"(40.79945, -73.96838)",40.79945,-73.96838,"(309, '103 St')",M,1,2623471,"[(308, 'Cathedral Pkwy (110 St)'), (310, '96 St')]"
279,R172,"(40.80397, -73.96685)",40.80397,-73.96685,"(308, 'Cathedral Pkwy (110 St)')",M,1,2662737,"[(307, '116 St-Columbia University'), (309, '103 St')]"
280,R173,"(40.80772, -73.96411)",40.80772,-73.96411,"(307, '116 St-Columbia University')",M,1,2979011,"[(306, '125 St'), (308, 'Cathedral Pkwy (110 St)')]"
281,R174,"(40.81558, -73.95837)",40.81558,-73.95837,"(306, '125 St')",M,1,1808101,"[(305, '137 St-City College'), (307, '116 St-Columbia University')]"
282,R176,"(40.82201, -73.95367)",40.82201,-73.95367,"(305, '137 St-City College')",M,1,2596411,"[(304, '145 St'), (306, '125 St')]"
283,R178,"(40.82655, -73.95036)",40.82655,-73.95036,"(304, '145 St')",M,1,2059736,"[(303, '157 St'), (305, '137 St-City College')]"
284,R180,"(40.83404, -73.94489)",40.83404,-73.94489,"(303, '157 St')",M,1,2246275,"[(605, '168 St-Washington Hts'), (304, '145 St')]"
285,R182,"(40.84072, -73.93956)",40.84072,-73.93956,"(605, '168 St')",M,"C,1,A",4768980,"[(147, '175 St'), (149, '163 St-Amsterdam Av')]"
286,R183,"(40.84951, -73.93359)",40.84951,-73.93359,"(301, '181 St')",M,1,2014114,"[(300, '191 St'), (605, '168 St-Washington Hts')]"
287,R185,"(40.85522, -73.92941)",40.85522,-73.92941,"(300, '191 St')",M,1,1554594,"[(299, 'Dyckman St'), (301, '181 St')]"
288,R186,"(40.86053, -73.92554)",40.86053,-73.92554,"(299, 'Dyckman St')",M,1,1477326,"[(298, '207 St'), (300, '191 St')]"
290,R190,"(40.86945, -73.91528)",40.86945,-73.91528,"(297, '215 St')",M,1,430466,"[(296, 'Marble Hill-225 St'), (298, '207 St')]"
291,R192,"(40.87456, -73.90983)",40.87456,-73.90983,"(296, 'Marble Hill-225 St')",M,1,1037756,"[(295, '231 St'), (297, '215 St')]"
292,R194,"(40.87886, -73.90483)",40.87886,-73.90483,"(295, '231 St')",BX,1,1842980,"[(294, '238 St'), (296, 'Marble Hill-225 St')]"
293,R196,"(40.88467, -73.90087)",40.88467,-73.90087,"(294, '238 St')",BX,1,897846,"[(293, 'Van Cortlandt Park-242 St'), (295, '231 St')]"
295,R201,"(40.70482, -74.01407)",40.70482,-74.01407,"(414, 'Bowling Green')",M,"5,4",4444543,"[(413, 'Wall St'), (620, 'Borough Hall')]"
296,R203,"(40.70756, -74.01186)",40.70756,-74.01186,"(413, 'Wall St')",M,"5,4",2796478,"[(628, 'Fulton St'), (414, 'Bowling Green')]"
297,R215,"(40.7223, -73.99714)",40.7223,-73.99714,"(409, 'Spring St')",M,6,2584001,"[(619, 'Bleecker St'), (623, 'Canal St')]"
298,R217,"(40.72591, -73.99466)",40.72591,-73.99466,"(619, 'Bleecker St')",M,"F,M,B,,D,6",7951876,"[(407, 'Astor Pl'), (409, 'Spring St')]"
299,R219,"(40.73005, -73.99107)",40.73005,-73.99107,"(407, 'Astor Pl')",M,6,3281566,"[(602, '14 St-Union Sq'), (619, 'Bleecker St')]"
300,R226,"(40.73986, -73.9866)",40.73986,-73.9866,"(405, '23 St')",M,6,4897247,"[(404, '28 St'), (602, '14 St-Union Sq')]"
301,R228,"(40.74307, -73.98426)",40.74307,-73.98426,"(404, '28 St')",M,6,3738556,"[(403, '33 St'), (405, '23 St')]"
302,R231,"(40.74608, -73.98208)",40.74608,-73.98208,"(403, '33 St')",M,6,4956885,"[(610, 'Grand Central-42 St'), (404, '28 St')]"
303,R238,"(40.75178, -73.97684)",40.75178,-73.97684,"(610, 'Grand Central-42 St')",M,"5,S,4,7,6",24057336,"[(612, '51 St'), (403, '33 St'), (464, 'Vernon Blvd-Jackson Av'), (609, '5 Av')]"
304,R246,"(40.76814, -73.96387)",40.76814,-73.96387,"(399, '68 St-Hunter College')",M,6,4339088,"[(398, '77 St'), (613, '59 St')]"
305,R247,"(40.77362, -73.95988)",40.77362,-73.95988,"(398, '77 St')",M,6,5416181,"[(397, '86 St'), (399, '68 St-Hunter College')]"
306,R249,"(40.77949, -73.95559)",40.77949,-73.95559,"(397, '86 St')",M,"5,4,6",8932145,"[(396, '96 St'), (398, '77 St')]"
308,R252,"(40.7906, -73.94748)",40.7906,-73.94748,"(395, '103 St')",M,6,2502815,"[(394, '110 St'), (396, '96 St')]"
309,R254,"(40.79502, -73.94425)",40.79502,-73.94425,"(394, '110 St')",M,6,2066455,"[(393, '116 St'), (395, '103 St')]"
310,R256,"(40.79863, -73.94162)",40.79863,-73.94162,"(393, '116 St')",M,6,2805735,"[(392, '125 St'), (394, '110 St')]"
311,R258,"(40.80414, -73.93759)",40.80414,-73.93759,"(392, '125 St')",M,"5,4,6",4571362,"[(391, '138 St-Grand Concourse'), (393, '116 St')]"
312,R259,"(40.81322, -73.92985)",40.81322,-73.92985,"(391, '138 St-Grand Concourse')",BX,"5,4",768544,"[(603, '149 St-Grand Concourse'), (392, '125 St')]"
313,R261,"(40.81837, -73.92735)",40.81837,-73.92735,"(603, '149 St-Grand Concourse')",BX,"2,5,4",2055967,"[(604, '161 St-Yankee Stadium'), (391, '138 St-Grand Concourse'), (434, '3 Av-149 St')]"
314,R283,"(40.83554, -73.9214)",40.83554,-73.9214,"(388, '167 St')",BX,4,1858335,"[(387, '170 St'), (604, '161 St-Yankee Stadium')]"
315,R284,"(40.84008, -73.91779)",40.84008,-73.91779,"(387, '170 St')",BX,4,1514027,"[(386, 'Mt Eden Av'), (388, '167 St')]"
316,R285,"(40.84443, -73.91469)",40.84443,-73.91469,"(386, 'Mt Eden Av')",BX,4,991103,"[(385, '176 St'), (387, '170 St')]"
317,R286,"(40.84848, -73.9118)",40.84848,-73.9118,"(385, '176 St')",BX,4,1057768,"[(384, 'Burnside Av'), (386, 'Mt Eden Av')]"
318,R287,"(40.85345, -73.90768)",40.85345,-73.90768,"(384, 'Burnside Av')",BX,4,1836485,"[(383, '183 St'), (385, '176 St')]"
319,R288,"(40.85841, -73.90388)",40.85841,-73.90388,"(383, '183 St')",BX,4,1192040,"[(382, 'Fordham Rd'), (384, 'Burnside Av')]"
320,R289,"(40.8628, -73.90103)",40.8628,-73.90103,"(382, 'Fordham Rd')",BX,4,2085841,"[(381, 'Kingsbridge Rd'), (383, '183 St')]"
321,R290,"(40.86776, -73.89717)",40.86776,-73.89717,"(381, 'Kingsbridge Rd')",BX,4,1809873,"[(380, 'Bedford Park Blvd-Lehman College'), (382, 'Fordham Rd')]"
322,R291,"(40.87341, -73.89006)",40.87341,-73.89006,"(380, 'Bedford Park Blvd-Lehman College')",BX,4,1113463,"[(379, 'Mosholu Pkwy'), (381, 'Kingsbridge Rd')]"
323,R293,"(40.87975, -73.88466)",40.87975,-73.88466,"(379, 'Mosholu Pkwy')",BX,4,1672408,"[(378, 'Woodlawn'), (380, 'Bedford Park Blvd-Lehman College')]"
325,R301,"(40.79908, -73.95182)",40.79908,-73.95182,"(441, 'Central Park North (110 St)')",M,"3,2",1498038,"[(440, '116 St')]"
326,R302,"(40.8021, -73.94962)",40.8021,-73.94962,"(440, '116 St')",M,"3,2",1944556,"[(439, '125 St'), (441, 'Central Park North (110 St)')]"
327,R304,"(40.80775, -73.9455)",40.80775,-73.9455,"(439, '125 St')",M,"3,2",2571052,"[(438, '135 St'), (440, '116 St')]"
328,R306,"(40.81423, -73.94077)",40.81423,-73.94077,"(438, '135 St')",M,"3,2",2286065,"[(437, '145 St'), (439, '125 St')]"
329,R308,"(40.82042, -73.93625)",40.82042,-73.93625,"(437, '145 St')",M,3,598592,"[(436, 'Harlem-148 St'), (438, '135 St')]"
331,R310,"(40.81611, -73.91776)",40.81611,-73.91776,"(434, '3 Av-149 St')",BX,"2,5",3363252,"[(433, 'Jackson Av'), (603, '149 St-Grand Concourse')]"
332,R312,"(40.81649, -73.90781)",40.81649,-73.90781,"(433, 'Jackson Av')",BX,"2,5",954405,"[(432, 'Prospect Av'), (434, '3 Av-149 St')]"
333,R314,"(40.81958, -73.90177)",40.81958,-73.90177,"(432, 'Prospect Av')",BX,"2,5",1253392,"[(431, 'Intervale Av'), (433, 'Jackson Av')]"
334,R316,"(40.82218, -73.89674)",40.82218,-73.89674,"(431, 'Intervale Av')",BX,"2,5",591272,"[(430, 'Simpson St'), (432, 'Prospect Av')]"
335,R318,"(40.82407, -73.89307)",40.82407,-73.89307,"(430, 'Simpson St')",BX,"2,5",1430797,"[(429, 'Freeman St'), (431, 'Intervale Av')]"
336,R320,"(40.82999, -73.89187)",40.82999,-73.89187,"(429, 'Freeman St')",BX,"2,5",838392,"[(428, '174 St'), (430, 'Simpson St')]"
337,R322,"(40.83729, -73.88773)",40.83729,-73.88773,"(428, '174 St')",BX,"2,5",1147050,"[(427, 'West Farms Sq-E Tremont Av'), (429, 'Freeman St')]"
338,R323,"(40.84029, -73.88005)",40.84029,-73.88005,"(427, 'West Farms Sq-E Tremont Av')",BX,"2,5",1108246,"[(426, 'E 180 St'), (428, '174 St')]"
339,R325,"(40.84189, -73.87349)",40.84189,-73.87349,"(426, 'E 180 St')",BX,"2,5",1493851,"[(425, 'Bronx Park East'), (427, 'West Farms Sq-E Tremont Av')]"
340,R326,"(40.84883, -73.86845)",40.84883,-73.86845,"(425, 'Bronx Park East')",BX,"2,5",468756,"[(424, 'Pelham Pkwy'), (426, 'E 180 St')]"
341,R328,"(40.85719, -73.86761)",40.85719,-73.86761,"(424, 'Pelham Pkwy')",BX,"2,5",1434664,"[(423, 'Allerton Av'), (425, 'Bronx Park East')]"
342,R329,"(40.86546, -73.86736)",40.86546,-73.86736,"(423, 'Allerton Av')",BX,"2,5",901914,"[(422, 'Burke Av'), (424, 'Pelham Pkwy')]"
343,R330,"(40.87136, -73.86716)",40.87136,-73.86716,"(422, 'Burke Av')",BX,"2,5",552149,"[(421, 'Gun Hill Rd'), (423, 'Allerton Av')]"
344,R331,"(40.87785, -73.86626)",40.87785,-73.86626,"(421, 'Gun Hill Rd')",BX,"2,5",1151668,"[(420, '219 St'), (422, 'Burke Av')]"
345,R332,"(40.8839, -73.86263)",40.8839,-73.86263,"(420, '219 St')",BX,"2,5",529608,"[(419, '225 St'), (421, 'Gun Hill Rd')]"
346,R333,"(40.88802, -73.86034)",40.88802,-73.86034,"(419, '225 St')",BX,"2,5",618222,"[(418, '233 St'), (420, '219 St')]"
347,R334,"(40.89319, -73.85748)",40.89319,-73.85748,"(418, '233 St')",BX,"2,5",850244,"[(417, 'Nereid Av'), (419, '225 St')]"
348,R335,"(40.89838, -73.85438)",40.89838,-73.85438,"(417, 'Nereid Av')",BX,"2,5",593065,"[(416, 'Wakefield-241 St'), (418, '233 St')]"
350,R401,"(40.81047, -73.92614)",40.81047,-73.92614,"(377, '3 Av-138 St')",BX,6,1533423,"[(376, 'Brook Av')]"
351,R402,"(40.80757, -73.91924)",40.80757,-73.91924,"(376, 'Brook Av')",BX,6,1104567,"[(375, 'Cypress Av'), (377, '3 Av-138 St')]"
352,R404,"(40.80537, -73.91404)",40.80537,-73.91404,"(375, 'Cypress Av')",BX,6,555207,"[(374, ""E 143 St-St Mary's St""), (376, 'Brook Av')]"
353,R406,"(40.80872, -73.90765)",40.80872,-73.90765,"(374, ""E 143 St-St Mary's St"")",BX,6,259849,"[(373, 'E 149 St'), (375, 'Cypress Av')]"
354,R408,"(40.81212, -73.9041)",40.81212,-73.9041,"(373, 'E 149 St')",BX,6,929574,"[(372, 'Longwood Av'), (374, ""E 143 St-St Mary's St"")]"
355,R410,"(40.8161, -73.89644)",40.8161,-73.89644,"(372, 'Longwood Av')",BX,6,684340,"[(371, 'Hunts Point Av'), (373, 'E 149 St')]"
356,R412,"(40.82095, -73.89055)",40.82095,-73.89055,"(371, 'Hunts Point Av')",BX,6,2008192,"[(370, 'Whitlock Av'), (372, 'Longwood Av')]"
357,R413,"(40.82653, -73.88628)",40.82653,-73.88628,"(370, 'Whitlock Av')",BX,6,381416,"[(369, 'Elder Av'), (371, 'Hunts Point Av')]"
358,R414,"(40.82858, -73.87916)",40.82858,-73.87916,"(369, 'Elder Av')",BX,6,1287148,"[(368, 'Morrison Av-Soundview'), (370, 'Whitlock Av')]"
359,R415,"(40.82952, -73.87452)",40.82952,-73.87452,"(368, 'Morrison Av-Soundview')",BX,6,1232178,"[(367, 'St Lawrence Av'), (369, 'Elder Av')]"
360,R416,"(40.83151, -73.86761)",40.83151,-73.86761,"(367, 'St Lawrence Av')",BX,6,789414,"[(366, 'Parkchester'), (368, 'Morrison Av-Soundview')]"
361,R417,"(40.83323, -73.86082)",40.83323,-73.86082,"(366, 'Parkchester')",BX,6,2904948,"[(365, 'Castle Hill Av'), (367, 'St Lawrence Av')]"
362,R418,"(40.83426, -73.85122)",40.83426,-73.85122,"(365, 'Castle Hill Av')",BX,6,1201889,"[(364, 'Zerega Av'), (366, 'Parkchester')]"
363,R419,"(40.83649, -73.84704)",40.83649,-73.84704,"(364, 'Zerega Av')",BX,6,485089,"[(363, 'Westchester Sq-E Tremont Av'), (365, 'Castle Hill Av')]"
364,R420,"(40.83989, -73.84295)",40.83989,-73.84295,"(363, 'Westchester Sq-E Tremont Av')",BX,6,1049723,"[(362, 'Middletown Rd'), (364, 'Zerega Av')]"
365,R421,"(40.84386, -73.83632)",40.84386,-73.83632,"(362, 'Middletown Rd')",BX,6,388516,"[(361, 'Buhre Av'), (363, 'Westchester Sq-E Tremont Av')]"
366,R422,"(40.84681, -73.83257)",40.84681,-73.83257,"(361, 'Buhre Av')",BX,6,745852,"[(360, 'Pelham Bay Park'), (362, 'Middletown Rd')]"
368,R504,"(40.74263, -73.95358)",40.74263,-73.95358,"(464, 'Vernon Blvd-Jackson Av')",Q,7,3222616,"[(463, 'Hunters Point Av'), (610, 'Grand Central-42 St')]"
369,R507,"(40.74221, -73.94891)",40.74221,-73.94891,"(463, 'Hunters Point Av')",Q,7,1074240,"[(606, 'Court Sq'), (464, 'Vernon Blvd-Jackson Av')]"
371,R510,"(40.75288, -73.93275)",40.75288,-73.93275,"(6, '39 Av-Dutch Kills')",Q,"N,W",637895,"[(5, '36 Av'), (613, 'Lexington Av/59 St')]"
372,R511,"(40.75681, -73.92957)",40.75681,-73.92957,"(5, '36 Av')",Q,"N,W",1301333,"[(4, 'Broadway'), (6, '39 Av-Dutch Kills')]"
373,R512,"(40.76182, -73.92551)",40.76182,-73.92551,"(4, 'Broadway')",Q,"N,W",2405977,"[(3, '30 Av'), (5, '36 Av')]"
374,R513,"(40.76678, -73.92148)",40.76678,-73.92148,"(3, '30 Av')",Q,"N,W",2670559,"[(2, 'Astoria Blvd'), (4, 'Broadway')]"
375,R514,"(40.77026, -73.91785)",40.77026,-73.91785,"(2, 'Astoria Blvd')",Q,"N,W",2228913,"[(1, 'Astoria-Ditmars Blvd'), (3, '30 Av')]"
377,R516,"(40.74459, -73.931)",40.74459,-73.931,"(460, '33 St-Rawson St')",Q,7,1607874,"[(459, '40 St-Lowery St'), (461, 'Queensboro Plaza')]"
378,R518,"(40.74378, -73.92402)",40.74378,-73.92402,"(459, '40 St-Lowery St')",Q,7,2043059,"[(458, '46 St-Bliss St'), (460, '33 St-Rawson St')]"
379,R519,"(40.74313, -73.91843)",40.74313,-73.91843,"(458, '46 St-Bliss St')",Q,7,2715605,"[(457, '52 St'), (459, '40 St-Lowery St')]"
380,R521,"(40.74415, -73.91255)",40.74415,-73.91255,"(457, '52 St')",Q,7,1328179,"[(456, '61 St-Woodside'), (458, '46 St-Bliss St')]"
381,R523,"(40.74563, -73.90298)",40.74563,-73.90298,"(456, '61 St-Woodside')",Q,7,3980375,"[(455, '69 St'), (457, '52 St')]"
382,R524,"(40.74633, -73.8964)",40.74633,-73.8964,"(455, '69 St')",Q,7,1286994,"[(616, '74 St-Broadway'), (456, '61 St-Woodside')]"
383,R525,"(40.74685, -73.89133)",40.74685,-73.89133,"(616, '74 St-Broadway')",Q,"F,M,E,R,,7",12022536,"[(453, '82 St-Jackson Hts'), (455, '69 St')]"
384,R526,"(40.74766, -73.8837)",40.74766,-73.8837,"(453, '82 St-Jackson Hts')",Q,7,3797195,"[(452, '90 St-Elmhurst Av'), (616, '74 St-Broadway')]"
385,R527,"(40.74841, -73.87661)",40.74841,-73.87661,"(452, '90 St-Elmhurst Av')",Q,7,3799928,"[(451, 'Junction Blvd'), (453, '82 St-Jackson Hts')]"
386,R528,"(40.74915, -73.86953)",40.74915,-73.86953,"(451, 'Junction Blvd')",Q,7,5575901,"[(450, '103 St-Corona Plaza'), (452, '90 St-Elmhurst Av')]"
387,R529,"(40.74987, -73.8627)",40.74987,-73.8627,"(450, '103 St-Corona Plaza')",Q,7,4833605,"[(449, '111 St'), (451, 'Junction Blvd')]"
388,R530,"(40.75173, -73.85533)",40.75173,-73.85533,"(449, '111 St')",Q,7,2756167,"[(448, 'Mets-Willets Point'), (450, '103 St-Corona Plaza')]"
389,R532,"(40.75462, -73.84563)",40.75462,-73.84563,"(448, 'Mets-Willets Point')",Q,7,1519003,"[(447, 'Flushing-Main St'), (449, '111 St')]"
391,R550,"(40.75588, -74.00191)",40.75588,-74.00191,"(471, '34 St-Hudson Yards')",M,7,4525690,"[(611, 'Times Sq-42 St')]"
392,R600,"(40.69747, -73.99309)",40.69747,-73.99309,"(334, 'Clark St')",BK,"3,2",949323,"[(333, 'Wall St'), (620, 'Borough Hall')]"
393,R602,"(40.6941, -73.99)",40.6941,-73.99,"(620, 'Borough Hall')",BK,"3,2,5,R,4,",5590725,"[(334, 'Clark St'), (336, 'Hoyt St'), (414, 'Bowling Green')]"
394,R606,"(40.69054, -73.98506)",40.69054,-73.98506,"(336, 'Hoyt St')",BK,"3,2",1462833,"[(620, 'Borough Hall'), (337, 'Nevins St')]"
395,R608,"(40.68825, -73.98049)",40.68825,-73.98049,"(337, 'Nevins St')",BK,"3,2,5,4",1828513,"[(336, 'Hoyt St'), (617, 'Atlantic Av-Barclays Ctr')]"
396,R610,"(40.68446, -73.97689)",40.68446,-73.97689,"(617, 'Atlantic Av-Barclays Ctr')",BK,"3,2,5,N,R,Q,4,B,D",8847256,"[(26, 'DeKalb Av'), (28, 'Union St'), (41, '7 Av'), (337, 'Nevins St'), (339, 'Bergen St')]"
397,R617,"(40.68083, -73.9751)",40.68083,-73.9751,"(339, 'Bergen St')",BK,"3,2",809536,"[(617, 'Atlantic Av-Barclays Ctr'), (340, 'Grand Army Plaza')]"
398,R619,"(40.67524, -73.97105)",40.67524,-73.97105,"(340, 'Grand Army Plaza')",BK,"3,2",1431370,"[(339, 'Bergen St'), (341, 'Eastern Pkwy-Brooklyn Museum')]"
399,R621,"(40.67199, -73.96438)",40.67199,-73.96438,"(341, 'Eastern Pkwy-Brooklyn Museum')",BK,"3,2",943550,"[(340, 'Grand Army Plaza'), (626, 'Franklin Av-Medgar Evers College')]"
400,R622,"(40.67068, -73.95813)",40.67068,-73.95813,"(626, 'Franklin Av-Medgar Evers College')",BK,"3,2,5,4,,S",2941611,"[(341, 'Eastern Pkwy-Brooklyn Museum'), (343, 'Nostrand Av')]"
401,R623,"(40.66985, -73.95046)",40.66985,-73.95046,"(343, 'Nostrand Av')",BK,3,759975,"[(626, 'Franklin Av-Medgar Evers College'), (344, 'Kingston Av')]"
402,R624,"(40.6694, -73.94216)",40.6694,-73.94216,"(344, 'Kingston Av')",BK,3,923919,"[(343, 'Nostrand Av'), (345, 'Crown Hts-Utica Av')]"
403,R626,"(40.6689, -73.93295)",40.6689,-73.93295,"(345, 'Crown Hts-Utica Av')",BK,"3,4",4739553,"[(344, 'Kingston Av'), (346, 'Sutter Av-Rutland Rd')]"
404,R627,"(40.66472, -73.92261)",40.66472,-73.92261,"(346, 'Sutter Av-Rutland Rd')",BK,3,1209839,"[(345, 'Crown Hts-Utica Av'), (347, 'Saratoga Av')]"
405,R628,"(40.66145, -73.91633)",40.66145,-73.91633,"(347, 'Saratoga Av')",BK,3,929605,"[(346, 'Sutter Av-Rutland Rd'), (348, 'Rockaway Av')]"
406,R629,"(40.66255, -73.90894)",40.66255,-73.90894,"(348, 'Rockaway Av')",BK,3,823068,"[(347, 'Saratoga Av'), (349, 'Junius St')]"
407,R630,"(40.66351, -73.90245)",40.66351,-73.90245,"(349, 'Junius St')",BK,3,456981,"[(348, 'Rockaway Av'), (350, 'Pennsylvania Av')]"
408,R632,"(40.66463, -73.8949)",40.66463,-73.8949,"(350, 'Pennsylvania Av')",BK,3,801148,"[(349, 'Junius St'), (351, 'Van Siclen Av')]"
409,R633,"(40.66545, -73.8894)",40.66545,-73.8894,"(351, 'Van Siclen Av')",BK,3,479110,"[(350, 'Pennsylvania Av'), (352, 'New Lots Av')]"
410,R634,"(40.66624, -73.88408)",40.66624,-73.88408,"(352, 'New Lots Av')",BK,3,1002953,"[(351, 'Van Siclen Av')]"
412,R636,"(40.66274, -73.95085)",40.66274,-73.95085,"(354, 'Sterling St')",BK,"2,5",1145167,"[(353, 'President St-Medgar Evers College'), (355, 'Winthrop St')]"
413,R637,"(40.65665, -73.9502)",40.65665,-73.9502,"(355, 'Winthrop St')",BK,"2,5",1520740,"[(354, 'Sterling St'), (356, 'Church Av')]"
414,R639,"(40.65084, -73.94958)",40.65084,-73.94958,"(356, 'Church Av')",BK,"2,5",1878959,"[(355, 'Winthrop St'), (357, 'Beverly Rd')]"
415,R641,"(40.6451, -73.94896)",40.6451,-73.94896,"(357, 'Beverly Rd')",BK,"2,5",886566,"[(356, 'Church Av'), (358, 'Newkirk Av-Little Haiti')]"
416,R643,"(40.63997, -73.94841)",40.63997,-73.94841,"(358, 'Newkirk Av-Little Haiti')",BK,"2,5",1387704,"[(357, 'Beverly Rd'), (359, 'Flatbush Av-Brooklyn College')]"
417,R645,"(40.63284, -73.94764)",40.63284,-73.94764,"(359, 'Flatbush Av-Brooklyn College')",BK,"2,5",3468301,"[(358, 'Newkirk Av-Little Haiti')]"
418,R726,"(40.85436, -73.8605)",40.85436,-73.8605,"(446, 'Morris Park')",BX,5,479759,"[(445, 'Pelham Pkwy')]"
419,R727,"(40.85899, -73.85536)",40.85899,-73.85536,"(445, 'Pelham Pkwy')",BX,5,557567,"[(444, 'Gun Hill Rd'), (446, 'Morris Park')]"
420,R728,"(40.86953, -73.84638)",40.86953,-73.84638,"(444, 'Gun Hill Rd')",BX,5,928838,"[(443, 'Baychester Av'), (445, 'Pelham Pkwy')]"
421,R729,"(40.87866, -73.83859)",40.87866,-73.83859,"(443, 'Baychester Av')",BX,5,557105,"[(442, 'Eastchester-Dyre Av'), (444, 'Gun Hill Rd')]"
423,S101,"(40.64375, -74.07364)",40.64375,-74.07364,"(502, 'Tompkinsville')",SI,SIR,1770469,"[(501, 'St George'), (503, 'Stapleton')]"
